Rank,RO,ST,Locid,City,Airport Name,Svc Lvl,Hub,CY 05 Enplanements,LAT,LON
1,SO,GA,ATL,Atlanta,Hartsfield - Jackson Atlanta International,P,L,42402653,121092.1186N,303940.3104W
2,GL,IL,ORD,Chicago,Chicago O'Hare International,P,L,36720005,151108.2790N,316463.7500W
3,WP,CA,LAX,Los Angeles,Los Angeles International,P,L,29372272,122192.9870N,426268.9750W
4,SW,TX,DFW,Fort Worth,Dallas/Fort Worth International,P,L,28079147,118430.0336N,349335.7018W
5,WP,NV,LAS,Las Vegas,McCarran International,P,L,21402676,129888.1580N,414548.0450W
6,NM,CO,DEN,Denver,Denver International,P,L,20799886,143502.0000N,376823.4000W
7,WP,AZ,PHX,Phoenix,Phoenix Sky Harbor International,P,L,20315544,120363.4000N,403241.7000W
8,EA,NY,JFK,New York,John F Kennedy International,P,L,20260359,146303.7400N,265603.2930W
9,SW,TX,IAH,Houston,George Bush Intercontinental/Houston,P,L,19032196,107943.9670N,343229.1930W
10,GL,MN,MSP,Minneapolis,Minneapolis-St Paul International/Wold-Chamberlain/,P,L,17971771,161575.1000N,335598.4000W
11,GL,MI,DTW,Detroit,Detroit Metropolitan Wayne County,P,L,17580363,151964.8000N,300072.2000W
12,SO,FL,MCO,Orlando,Orlando International,P,L,16592133,102345.8000N,292712.4000W
13,EA,NJ,EWR,Newark,Newark Liberty International,P,L,16444959,146492.9274N,267007.2724W
14,WP,CA,SFO,San Francisco International Airport,San Francisco International,P,L,16070133,135427.7000N,440551.5000W
15,EA,PA,PHL,Philadelphia,Philadelphia International,P,L,15376569,143539.5020N,270866.3870W
16,SO,FL,MIA,Miami,Miami International,P,L,15092763,092863.3000N,289044.4170W
17,NM,WA,SEA,Seattle,Seattle-Tacoma International,P,L,14359530,170819.6000N,440322.4000W
18,SO,NC,CLT,Charlotte,Charlotte/Douglas International,P,L,14009608,126769.5000N,291416.6000W
19,NE,MA,BOS,Boston,General Edward Lawrence Logan International,P,L,13214923,152506.6000N,255623.0000W
20,EA,VA,IAD,Dulles International Airport,Washington Dulles International,P,L,13032502,140210.8000N,278855.8000W
21,EA,NY,LGA,New York,La Guardia,P,L,13014314,146798.1000N,265941.4000W
22,SO,KY,CVG,Covington,Cincinnati/Northern Kentucky International,P,L,11277068,140575.8120N,304804.1600W
23,SO,FL,FLL,Fort Lauderdale,Fort Lauderdale/Hollywood International,P,L,10729468,093858.0000N,288538.9000W
24,NM,UT,SLC,Salt Lake City,Salt Lake City International,P,L,10601918,146838.2160N,403119.9840W
25,EA,MD,BWI,Glen Burnie,Baltimore/Washington International Thurgood Marshal,P,L,9829432,141032.6220N,276008.3680W
26,WP,HI,HNL,Honolulu,Honolulu International,P,L,9784404,076744.1790N,568512.9458W
27,SO,FL,TPA,Tampa,Tampa International,P,L,9297643,100711.7000N,297119.7000W
28,WP,CA,SAN,San Diego,San Diego International,P,L,8628648,117840.8000N,421882.8000W
29,EA,VA,DCA,Arlington,Ronald Reagan Washington National,P,L,8623907,139865.2000N,277335.8000W
30,GL,IL,MDW,Chicago,Chicago Midway International,P,L,8383698,150429.5000N,315908.7000W
31,WP,CA,OAK,Oakland,Metropolitan Oakland International,P,M,7071534,135796.5000N,439996.1000W
32,CE,MO,STL,St. Louis,Lambert-St Louis International,P,M,6847228,139495.3100N,325332.1040W
33,NM,OR,PDX,Portland,Portland International,P,M,6798976,164119.3519N,441348.7299W
34,SO,TN,MEM,Memphis,Memphis International,P,M,5630305,126152.6810N,323916.0450W
35,GL,OH,CLE,Cleveland,Cleveland-Hopkins International,P,M,5529629,149073.9000N,294676.9000W
36,SO,PR,SJU,San Juan,Luis Munoz Marin International,P,M,5336690,066381.8370N,237607.6800W
37,WP,CA,SJC,San Jose,Norman Y. Mineta San Jose International,P,M,5309992,134506.7810N,438943.0340W
38,EA,PA,PIT,Pittsburgh,Pittsburgh International,P,M,5198442,145769.1000N,288837.7000W
39,WP,CA,SMF,Sacramento,Sacramento International,P,M,5108364,139303.6000N,437726.8000W
40,CE,MO,MCI,Kansas City,Kansas City International,P,M,5063120,141471.4000N,340970.0000W
41,WP,CA,SNA,Santa Ana,John Wayne Airport-Orange County,P,M,4791786,121232.4000N,424325.6000W
42,SO,NC,RDU,Raleigh,Raleigh-Durham International,P,M,4723989,129159.5000N,283634.9000W
43,SO,TN,BNA,Nashville,Nashville International,P,M,4563251,130048.1000N,312041.4000W
44,GL,IN,IND,Indianapolis,Indianapolis International,P,M,4221085,142982.3000N,310660.7000W
45,SW,TX,HOU,Houston,William P Hobby,P,M,3961642,106723.5000N,343004.0000W
46,SW,LA,MSY,Metairie,Louis Armstrong New Orleans International,P,M,3912884,107975.8000N,324932.5000W
47,SO,FL,RSW,Fort Myers,Southwest Florida International,P,M,3701665,095530.2000N,294318.6000W
48,SW,TX,AUS,Austin,Austin-Bergstrom International,P,M,3645956,108700.2980N,351611.5540W
49,NE,CT,BDL,Windsor Locks,Bradley International,P,M,3617453,150980.9000N,261660.1000W
50,SW,TX,SAT,San Antonio,San Antonio International,P,M,3604665,106322.2488N,354488.6054W
51,GL,WI,MKE,Milwaukee,General Mitchell International,P,M,3602536,154609.0000N,316429.4000W
52,SO,FL,PBI,West Palm Beach,Palm Beach International,P,M,3496936,096059.3820N,288344.1310W
53,WP,CA,ONT,Ontario,Ontario International,P,M,3458935,122601.6000N,423364.3000W
54,GL,OH,CMH,Columbus,Port Columbus International,P,M,3281452,143989.0100N,298411.7800W
55,SW,NM,ABQ,Albuquerque,Albuquerque International Sunport,P,M,3169861,126140.1536N,383789.7438W
56,SW,TX,DAL,Dallas,Dallas Love Field,P,M,2949256,118245.4010N,348663.1560W
57,SO,FL,JAX,Jacksonville,Jacksonville International,P,M,2890298,109778.6000N,294076.2000W
58,NE,RI,PVD,Warwick,Theodore Francis Green State,P,M,2846002,150200.4000N,257139.8000W
59,WP,HI,OGG,Kahului,Kahului,P,M,2843845,075235.1510N,563149.6360W
60,WP,CA,BUR,Burbank,Bob Hope,P,M,2761184,123122.5000N,426091.2000W
61,WP,NV,RNO,Reno,Reno/Tahoe International,P,M,2510458,142196.8000N,431165.2000W
62,EA,NY,BUF,Buffalo,Buffalo Niagara International,P,M,2436952,154585.5000N,283430.1000W
63,AL,AK,ANC,Anchorage,Ted Stevens Anchorage International,P,M,2430081,220226.7050N,539993.2950W
64,NE,NH,MHT,Manchester,Manchester,P,M,2149035,154558.1000N,257168.7000W
65,CE,NE,OMA,Omaha,Eppley Airfield,P,M,2052234,148691.4000N,345218.6000W
66,WP,AZ,TUS,Tucson,Tucson International,P,M,2050377,115617.8490N,399387.6500W
67,EA,VA,ORF,Norfolk,Norfolk International,P,M,1953003,132820.5750N,274324.4250W
68,SO,KY,SDF,Louisville,Louisville International-Standiford Field,P,M,1862017,137426.7090N,308651.3960W
69,SW,OK,OKC,Oklahoma City,Will Rogers World,P,S,1773522,127415.0665N,351362.7422W
70,SW,TX,ELP,El Paso,El Paso International,P,S,1638242,114506.4000N,382954.9000W
71,SO,AL,BHM,Birmingham,Birmingham International,P,S,1595443,120830.0000N,312308.3000W
72,NM,WA,GEG,Spokane,Spokane International,P,S,1583737,171428.5000N,423126.8000W
73,NM,ID,BOI,Boise,Boise Air Terminal/Gowen Field,P,S,1581338,156831.7000N,418402.3000W
74,SW,OK,TUL,Tulsa,Tulsa International,P,S,1563622,130314.2000N,345197.2000W
75,EA,NY,ALB,Albany,Albany International,P,S,1533301,153896.8000N,265687.1000W
76,WP,CA,LGB,Long Beach,Long Beach /Daugherty Field/,P,S,1481659,121744.5470N,425346.8060W
77,EA,VA,RIC,Highland Springs,Richmond International,P,S,1452066,135018.6520N,278351.0590W
78,EA,NY,ROC,Rochester,Greater Rochester International,P,S,1450181,155228.9170N,279618.7280W
79,WP,GU,GUM,Agana,Guam International,P,S,1420751,048542.2224N,521269.6576E
80,WP,HI,KOA,Kailua Kona,Kona International at Keahole,P,S,1355639,071059.5570N,561764.2730W
81,SO,NC,GSO,Greensboro,Piedmont Triad International,P,S,1310034,129964.7731N,287788.0444W
82,SW,AR,LIT,Little Rock,Adams Field,P,S,1265098,125026.0000N,332009.2000W
83,WP,HI,LIH,Lihue,Lihue,P,S,1257848,079113.5383N,573620.2478W
84,EA,NY,SYR,Syracuse,Syracuse Hancock International,P,S,1222657,155200.3000N,273982.7000W
85,GL,OH,DAY,Dayton,James M Cox Dayton International,P,S,1220130,143648.1000N,303189.9000W
86,SO,SC,CHS,Charleston,Charleston AFB/International,P,S,1072182,118435.1000N,288145.9000W
87,EA,NY,ISP,Islip,Long Island MacArthur,P,S,1055832,146866.0885N,263162.3942W
88,GL,MI,GRR,Grand Rapids,Gerald R. Ford International,P,S,1041967,154371.0000N,307882.1000W
89,SO,GA,SAV,Savannah,Savannah/Hilton Head International,P,S,1032676,115659.3000N,292327.7000W
90,NM,CO,COS,Colorado Springs,City of Colorado Springs Municipal,P,S,1025481,139700.9270N,376922.7890W
91,CE,IA,DSM,Des Moines,Des Moines International,P,S,922099,149522.3000N,337187.1000W
92,SO,TN,TYS,Maryville,McGhee Tyson,P,S,904004,128913.7459N,302383.1572W
93,SO,SC,GSP,Greer,Greenville Spartanburg International,P,S,893397,125624.4160N,295987.8940W
94,SO,FL,PNS,Pensacola,Pensacola Regional,P,S,815157,109704.3000N,313871.8000W
95,GL,WI,MSN,Madison,Dane County Regional-Truax Field,P,S,804519,155303.5649N,321615.0161W
96,SO,FL,SFB,Sanford,Orlando Sanford International,P,S,789795,103597.8410N,292445.6900W
97,SO,SC,MYR,Myrtle Beach,Myrtle Beach International,P,S,776051,121247.0680N,284141.9570W
98,NE,ME,PWM,Portland,Portland International Jetport,P,S,734295,157124.3166N,253111.0189W
99,SO,SC,CAE,Columbia,Columbia Metropolitan,P,S,725573,122179.8160N,292030.3300W
100,SO,MS,JAN,Jackson,Jackson-Evers International,P,S,722219,116320.2000N,324273.2000W
101,CE,KS,ICT,Wichita,Wichita Mid-Continent,P,S,718457,135539.8000N,350759.0000W
102,WP,CA,PSP,Palm Springs,Palm Springs International,P,S,715627,121786.8000N,419424.1000W
103,GL,OH,CAK,Akron,Akron-Canton Regional,P,S,711540,147294.2000N,293197.1000W
104,NE,VT,BTV,Burlington,Burlington International,P,S,690641,160099.0380N,263351.7940W
105,SO,FL,SRQ,Sarasota/Bradenton,Sarasota/Bradenton International,P,S,656007,098623.6000N,297195.8000W
106,EA,PA,MDT,Harrisburg,Harrisburg International,P,S,647468,144695.4864N,276345.4342W
107,WP,HI,ITO,Hilo,Hilo International,P,S,637753,070992.9468N,558174.4925W
108,SO,AL,HSV,Huntsville,Huntsville International-Carl T Jones Field,P,S,619499,124693.9000N,312390.2000W
109,SO,VI,STT,Charlotte Amalie,Cyril E King,P,S,575507,066014.3000N,233904.0000W
110,WP,CA,FAT,Fresno,Fresno Yosemite International,P,S,574012,132395.6000N,430987.8000W
111,SO,FL,TLH,Tallahassee,Tallahassee Regional,P,S,573723,109428.3150N,303663.1280W
112,SW,AR,XNA,Cave Springs,Northwest Arkansas Regional,P,S,561045,130613.6850N,339507.9560W
113,WP,MP,GSN,Saipan,Francisco C. Ada/Saipan International,P,S,555647,054432.9180N,524627.9427E
114,GL,MI,FNT,Flint,Bishop International,P,S,553468,154675.7000N,301481.1000W
115,SW,TX,LBB,Lubbock,Lubbock Preston Smith International,P,S,552023,121189.2000N,366554.0000W
116,SO,KY,LEX,Lexington,Blue Grass,P,S,536000,136932.3000N,304591.1000W
117,SW,LA,BTR,Baton Rouge,"Baton Rouge Metropolitan, Ryan Field",P,S,515991,109918.5000N,328139.6000W
118,EA,VA,PHF,Newport News,Newport News/Williamsburg International,P,S,514361,133674.8000N,275374.7000W
119,CE,IA,CID,Cedar Rapids,The Eastern Iowa,P,S,501351,150784.8789N,330158.8750W
120,EA,NJ,ACY,Atlantic City,Atlantic City International,P,S,467148,142047.3000N,268477.8000W
121,EA,NY,HPN,White Plains,Westchester County,P,S,462256,147841.0299N,265347.2396W
122,SW,TX,AMA,Amarillo,Rick Husband Amarillo International,P,S,446395,126789.7000N,366141.3000W
123,SW,TX,MAF,Midland,Midland International,P,S,446161,114993.1000N,367926.9000W
124,CE,MO,SGF,Springfield,Springfield-Branson National,P,S,434362,134084.4000N,336199.1000W
125,NE,ME,BGR,Bangor,Bangor International,P,S,433816,161306.8000N,247781.3000W
126,WP,CA,SBA,Santa Barbara,Santa Barbara Municipal,P,S,431079,123934.2889N,431429.3737W
127,GL,IL,MLI,Moline,Quad City International,P,S,430992,149213.8000N,325827.1000W
128,SW,TX,HRL,Harlingen,Valley International,P,S,429396,094417.6000N,351558.5000W
129,AL,AK,FAI,Fairbanks,Fairbanks International,P,S,420597,233334.4000N,532283.2000W
130,GL,WI,GRB,Green Bay,Austin Straubel International,P,S,419308,160144.6810N,317266.9680W
131,EA,PA,ABE,Allentown,Lehigh Valley International,P,S,419122,146348.5060N,271585.4610W
132,SW,TX,CRP,Corpus Christi,Corpus Christi International,P,S,417022,099979.9000N,351008.7000W
133,NM,MT,BIL,Billings,Billings Logan International,P,S,404427,164908.2569N,390756.7568W
134,SO,MS,GPT,Gulfport,Gulfport-Biloxi International,P,S,393803,109466.2000N,320652.3000W
135,AL,AK,JNU,Juneau,Juneau International,P,S,393453,210076.9625N,484482.4939W
136,SO,FL,VPS,Valparaiso,Eglin AFB,P,S,388778,109739.5899N,311493.7596W
137,WP,AZ,GCN,Grand Canyon,Grand Canyon National Park,P,S,385920,129428.5000N,403729.1000W
138,NM,OR,EUG,Eugene,Mahlon Sweet Field,P,N,359187,158848.5000N,443563.1000W
139,GL,SD,FSD,Sioux Falls,Joe Foss Field,P,N,356459,156895.2480N,348270.8990W
140,SW,TX,MFE,McAllen,McAllen Miller International,P,N,352216,094233.0000N,353659.0000W
141,GL,IN,SBN,South Bend,South Bend Regional,P,N,349847,150149.6000N,310742.4000W
142,SO,NC,ILM,Wilmington,Wilmington International,P,N,339520,123376.1000N,280450.4000W
143,NM,MT,BZN,Bozeman,Gallatin Field,P,N,336516,164798.0488N,400140.9370W
144,EA,VA,ROA,Roanoke,Roanoke Regional/Woodrum Field,P,N,326202,134371.7000N,287911.5000W
145,SO,AL,MOB,Mobile,Mobile Regional,P,N,323209,110489.1000N,317674.2000W
146,SW,LA,SHV,Shreveport,Shreveport Regional,P,N,319960,116807.8000N,337772.2000W
147,EA,WV,CRW,Charleston,Yeager,P,N,317093,138153.6455N,293734.4144W
148,SO,NC,AVL,Asheville,Asheville Regional,P,N,315624,127564.0000N,297153.8240W
149,GL,MI,LAN,Lansing,Capital City,P,N,314593,154003.1000N,304510.3000W
150,SO,FL,EYW,Key West,Key West International,P,N,314075,088402.0310N,294335.8410W
151,GL,IN,FWA,Fort Wayne,Fort Wayne International,P,N,307682,147522.5000N,306702.6000W
152,GL,WI,ATW,Appleton,Outagamie County Regional,P,N,299179,159329.1000N,318668.7000W
153,SO,FL,PIE,Clearwater,St Petersburg-Clearwater International,P,N,298647,100471.3000N,297671.4000W
154,SO,FL,DAB,Daytona Beach,Daytona Beach International,P,N,297565,105047.7000N,291809.0000W
155,NM,OR,MFR,Medford,Rogue Valley International - Medford,P,N,286905,152547.2000N,442344.6000W
156,GL,ND,FAR,Fargo,Hector International,P,N,285298,168914.3000N,348536.7000W
157,NM,MT,MSO,Missoula,Missoula International,P,N,271499,168898.7000N,410726.0000W
158,WP,NV,VGT,Las Vegas,North Las Vegas,P,N,263553,130358.5310N,414699.9940W
159,GL,IL,PIA,Peoria,Greater Peoria Regional,P,N,255578,146391.1000N,322895.7000W
160,NE,MA,ACK,Nantucket,Nantucket Memorial,P,N,252757,148510.7102N,252215.6811W
161,SO,TN,CHA,Chattanooga,Lovell Field,P,N,249396,126126.7000N,306732.8000W
162,NM,WY,JAC,Jackson,Jackson Hole,P,N,247116,156986.4000N,398655.9000W
163,SO,TN,TRI,Bristol/Johnson/Kingsport,Tri-Cities Regional TN/VA,P,N,244815,131310.7480N,296666.6950W
164,GL,IN,EVV,Evansville,Evansville Regional,P,N,244352,136946.9000N,315102.6000W
165,GL,SD,RAP,Rapid City,Rapid City Regional,P,N,244174,158563.2000N,371006.5000W
166,NM,WA,PSC,Pasco,Tri-Cities,P,N,240767,166552.9000N,428828.5000W
167,GL,MI,AZO,Kalamazoo,Kalamazoo/Battle Creek International,P,N,235948,152043.8000N,307985.6000W
168,GL,OH,TOL,Toledo,Toledo Express,P,N,234335,149712.5000N,301708.2000W
169,GL,IL,BMI,Bloomington/Normal,Central IL Regional Airport at Bloomington-Normal,P,N,227881,145717.6000N,320097.3000W
170,SO,FL,MLB,Melbourne,Melbourne International,P,N,226207,101169.9000N,290322.9000W
171,EA,PA,AVP,Wilkes-Barre/Scranton,Wilkes-Barre/Scranton International,P,N,221866,148818.5000N,272604.2000W
172,GL,MI,TVC,Traverse City,Cherry Capital,P,N,219188,161069.7000N,308094.7000W
173,GL,MI,MBS,Saginaw,MBS International,P,N,213669,156718.5000N,302686.7000W
174,NM,CO,EGE,Eagle,Eagle County Regional,P,N,213233,142713.9000N,384897.4000W
175,CE,NE,LNK,Lincoln,Lincoln,P,N,203586,147063.2000N,348332.8000W
176,SO,AL,MGM,Montgomery,Montgomery Regional (Dannelly Field),P,N,203557,116282.3000N,311018.3000W
177,EA,NY,SWF,Newburgh,Stewart International,P,N,199741,149414.8000N,266777.4000W
178,EA,VA,CHO,Charlottesville,Charlottesville-Albemarle,P,N,198133,137302.7140N,282428.4390W
179,NM,CO,ASE,Aspen,Aspen-Pitkin County/Sardy Field,P,N,193961,141198.8000N,384725.6000W
180,WP,CA,MRY,Monterey,Monterey Peninsula,P,N,193728,131713.0280N,438634.0190W
181,SW,TX,GRK,Killeen,Robert Gray AAF,P,N,192887,111842.1000N,352184.1000W
182,NM,MT,GPI,Kalispell,Glacier Park International,P,N,192507,173917.8000N,411321.6000W
183,SO,FL,PFN,Panama City,Panama City-Bay County International,P,N,188318,108763.5000N,308458.1000W
184,EA,PA,ERI,Erie,Erie International/Tom Ridge Field,P,N,187997,151499.1000N,288626.2000W
185,SO,VI,STX,Christiansted,Henry E Rohlsen,P,N,187461,063725.4160N,233286.9945W
186,NM,OR,RDM,Redmond,Roberts Field,P,N,180637,159314.6480N,436139.8970W
187,NE,MA,HYA,Hyannis,Barnstable Municipal-Boardman/Polando Field,P,N,177761,150009.6000N,253009.3000W
188,SW,LA,LFT,Lafayette,Lafayette Regional,P,N,176448,108738.1000N,331155.9000W
189,WP,CA,SBP,San Luis Obispo,San Luis County Regional,P,N,174878,126854.2000N,434313.4000W
190,GL,ND,BIS,Bismarck,Bismarck Municipal,P,N,174567,168381.8000N,362684.7000W
191,SO,FL,GNV,Gainesville,Gainesville Regional,P,N,171036,106884.2000N,296178.4000W
192,GL,WI,CWA,Mosinee,Central Wisconsin,P,N,163557,161199.4452N,322800.4009W
193,NM,MT,GTF,Great Falls,Great Falls International,P,N,156859,170936.2774N,400933.0059W
194,NM,CO,GJT,Grand Junction,Walker Field,P,N,156815,140840.7000N,390696.3000W
195,SO,GA,AGS,Augusta,Augusta Regional at Bush Field,P,N,156170,120131.8000N,295072.2000W
196,SO,NC,FAY,Fayetteville,Fayetteville Regional/Grannis Field,P,N,153524,125968.4000N,283969.0000W
197,WP,CA,BFL,Bakersfield,Meadows Field,P,N,146607,127561.9000N,428607.6000W
198,GL,MN,DLH,Duluth,Duluth International,P,N,146394,168631.4511N,331895.6540W
199,EA,PA,UNV,State College,University Park,P,N,143800,147060.0000N,280251.3000W
200,AL,AK,BET,Bethel,Bethel,P,N,143670,218802.8000N,582613.8000W
201,GL,MN,RST,Rochester,Rochester International,P,N,142267,158069.8000N,333000.1000W
202,SW,LA,AEX,Alexandria,Alexandria International,P,N,138494,112778.5380N,333174.8020W
203,NM,ID,IDA,Idaho Falls,Idaho Falls Regional,P,N,135058,156649.4000N,403454.7000W
204,GL,IL,CMI,Champaign/Urbana,University of Illinois-Willard,P,N,132077,144139.8000N,317800.1000W
205,NM,CO,HDN,Hayden,Yampa Valley,P,N,129755,145732.3000N,385983.6000W
206,EA,NY,BGM,Binghamton,Greater Binghamton/Edwin A Link Field,P,N,122443,151950.4000N,273526.6000W
207,SO,PR,BQN,Aguadilla,Rafael Hernandez,P,N,122293,066581.5000N,241666.0000W
208,GL,WI,LSE,La Crosse,La Crosse Municipal,P,N,122068,157965.4000N,328523.9000W
209,SW,LA,MLU,Monroe,Monroe Regional,P,N,112086,117039.1000N,331335.6000W
210,AL,AK,KTN,Ketchikan,Ketchikan International,P,N,110211,199274.7000N,474160.4000W
211,WP,CA,ACV,Arcata/Eureka,Arcata,P,N,108698,147520.2000N,446790.5000W
212,NM,CO,DRO,Durango,Durango-La Plata County,P,N,101742,133745.5000N,387913.6000W
213,NM,WA,BLI,Bellingham,Bellingham International,P,N,101228,175653.7000N,441135.1000W
214,SW,AR,FSM,Fort Smith,Fort Smith Regional,P,N,100546,127211.7000N,339722.8000W
215,SO,NC,EWN,New Bern,Craven County Regional,P,N,93768,126262.2691N,277354.8723W
216,NM,MT,HLN,Helena,Helena Regional,P,N,93204,167784.2000N,403139.8000W
217,SO,NC,OAJ,Jacksonville,Albert J Ellis,P,N,92327,125385.0000N,279403.7000W
218,SW,TX,LRD,Laredo,Laredo International,P,N,92316,099159.1000N,358061.7000W
219,NM,WY,CPR,Casper,Natrona County International,P,N,88731,154461.1000N,383269.1000W
220,WP,AZ,IFP,Bullhead City,Laughlin/Bullhead International,P,N,88102,126556.6000N,412413.6000W
221,GL,ND,GFK,Grand Forks,Grand Forks International,P,N,88065,172610.2000N,349825.6000W
222,AL,AK,ENA,Kenai,Kenai Municipal,P,N,87924,218063.8000N,544481.4000W
223,SW,TX,CLL,College Station,Easterwood Field,P,N,87484,110116.9508N,346905.1600W
224,EA,NY,ELM,Elmira/Corning,Elmira/Corning Regional,P,N,86925,151775.4821N,276810.2844W
225,SW,TX,TYR,Tyler,Tyler Pounds Regional,P,N,85997,116472.8000N,343450.7000W
226,GL,IL,RFD,Rockford,Chicago/Rockford International,P,N,82282,151903.3000N,320750.0000W
227,GL,IL,SPI,Springfield,Abraham Lincoln Capital,P,N,82218,143439.2000N,322841.1000W
228,EA,NY,ITH,Ithaca,Ithaca Tompkins Regional,P,N,79953,152968.9000N,275251.4000W
229,NM,CO,MTJ,Montrose,Montrose Regional,P,N,78669,138635.3000N,388419.3000W
230,SW,TX,ABI,Abilene,Abilene Regional,P,N,78269,116680.8000N,358854.8000W
231,AL,AK,ADQ,Kodiak,Kodiak,P,N,78128,207899.2580N,548978.1970W
232,SW,TX,BRO,Brownsville,Brownsville/South Padre Island International,P,N,76573,093262.1000N,350733.6000W
233,GL,ND,MOT,Minot,Minot International,P,N,76467,173727.5000N,364600.9000W
234,WP,NV,EKO,Elko,Elko Regional,P,N,75618,146970.0000N,416848.8000W
235,AL,AK,SIT,Sitka,Sitka Rocky Gutierrez,P,N,73882,205368.6037N,487299.8473W
236,SW,TX,ACT,Waco,Waco Regional,P,N,71684,113803.9000N,350029.1000W
238,NM,ID,SUN,Hailey,Friedman Memorial,P,N,69892,156613.6100N,411464.0100W
240,SO,AL,DHN,Dothan,Dothan Regional,P,N,68330,112755.7000N,307618.1000W
241,SO,SC,HXD,Hilton Head Island,Hilton Head,P,N,67282,116008.1820N,290510.6430W
242,NM,ID,LWS,Lewiston,Lewiston-Nez Perce County,P,N,66444,166948.2000N,421255.4000W
243,EA,VA,LYH,Timberlake,Lynchburg Regional/Preston Glenn Field,P,N,65895,134371.4000N,285124.4000W
244,WP,AZ,YUM,Yuma,Yuma MCAS/Yuma International,P,N,65824,117563.7000N,412581.5000W
245,SW,TX,SJT,San Angelo,San Angelo Regional/Mathis Field,P,N,65705,112887.9000N,361786.7000W
246,WP,HI,MKK,Kaunakakai,Molokai,P,N,65240,076150.3890N,565546.5220W
247,NE,CT,HVN,New Haven,Tweed-New Haven,P,N,65142,148549.4980N,262392.4820W
248,EA,MD,SBY,Salisbury,Salisbury-Ocean City Wicomico Regional,P,N,64564,138024.6820N,271834.1210W
249,GL,MI,SAW,Gwinn,Sawyer International,P,N,62951,166856.9700N,314626.9380W
250,WP,CA,RDD,Redding,Redding Municipal,P,N,62509,145832.3000N,440256.2000W
251,AL,AK,OME,Nome,Nome,P,N,60357,232245.2000N,595599.8000W
252,AL,AK,OTZ,Kotzebue,Ralph Wien Memorial,P,N,58140,240785.3000N,585353.3000W
253,NM,WA,YKM,Yakima,Yakima Air Terminal/McAllister Field,P,N,58094,167645.4000N,433958.6000W
254,WP,AS,PPG,Pago Pago,Pago Pago International,P,N,56705,051593.9760S,614561.4110W
255,SO,SC,FLO,Florence,Florence Regional,P,N,54142,123067.3000N,287006.0000W
258,SW,OK,LAW,Lawton,Lawton-Fort Sill Regional,P,N,50968,124443.7720N,354299.8920W
259,SO,GA,CSG,Columbus,Columbus Metropolitan,P,N,50889,117058.8000N,305779.9000W
260,EA,WV,HTS,Huntington,Tri-State/Milton J. Ferguson Field,P,N,50289,138126.6281N,297217.2968W
261,NM,UT,SGU,St. George,St George Municipal,P,N,49667,133331.0000N,408637.1000W
262,NE,MA,MVY,Vineyard Haven,Marthas Vineyard,P,N,48977,149016.3194N,254209.9829W
263,WP,CA,CRQ,Carlsbad,McClellan-Palomar,P,N,48927,119261.7000N,422208.3000W
264,SO,NC,PGV,Greenville,Pitt-Greenville,P,N,48784,128288.5000N,278582.7000W
265,SW,TX,SPS,Wichita Falls,Sheppard AFB/Wichita Falls Municipal,P,N,48490,122359.6900N,354570.8500W
266,SW,LA,LCH,Lake Charles,Lake Charles Regional,P,N,46399,108453.9000N,335604.3000W
267,SW,TX,BPT,Beaumont/Port Arthur,Southeast Texas Regional,P,N,46253,107823.0000N,338474.5000W
268,WP,HI,LNY,Lanai City,Lanai,P,N,45890,074828.2000N,565025.1050W
269,NM,CO,GUC,Gunnison,Gunnison-Crested Butte Regional,P,N,44865,138723.6000N,384954.3000W
270,NM,ID,TWF,Twin Falls,Joslin Field - Magic Valley Regional,P,N,44405,152934.5000N,412155.9000W
271,GL,WI,RHI,Rhinelander,Rhinelander-Oneida County,P,N,43076,164271.2390N,322079.8615W
272,AL,AK,DLG,Dillingham,Dillingham,P,N,42979,212560.8000N,570619.8000W
273,NM,MT,BTM,Butte,Bert Mooney,P,N,42751,165437.3000N,404990.9000W
274,SO,GA,VLD,Valdosta,Valdosta Regional,P,N,42200,110812.9400N,299794.3900W
275,CE,IA,SUX,Sioux City,Sioux Gateway/Col. Bud Day Field,P,N,41738,152649.4000N,346983.7000W
276,CE,IA,DBQ,Dubuque,Dubuque Regional,P,N,40777,152647.2000N,326554.1000W
277,WP,AZ,FLG,Flagstaff,Flagstaff Pulliam,P,N,40189,126505.1370N,402009.2690W
278,AL,AK,AKN,King Salmon,King Salmon,P,N,40160,211235.3765N,563935.2876W
279,CE,IA,ALO,Waterloo,Waterloo Regional,P,N,40140,153205.5000N,332641.2000W
280,WP,MP,GRO,Rota Island,Rota International,P,N,39747,051027.6787N,522868.0511E
281,NM,WA,EAT,East Wenatchee,Pangborn Memorial,P,N,39022,170635.7000N,432744.6000W
282,SO,GA,ABY,Albany,Southwest Georgia Regional,P,N,38527,113527.9000N,303100.1000W
283,AL,AK,HOM,Homer,Homer,P,N,38485,214721.9819N,545348.9103W
284,NM,ID,PIH,Arbon Valley,Pocatello Regional,P,N,38411,154475.3000N,405345.3000W
286,GL,MI,PLN,Pellston,Pellston Regional Airport of Emmet County,P,N,38191,164055.3000N,305268.2000W
287,WP,CA,SMX,Santa Maria,Santa Maria Public/Capt G Allan Hancock Field,P,N,38128,125639.8000N,433649.1000W
288,GL,MI,MKG,Muskegon,Muskegon County,P,N,37975,155403.6182N,310447.5794W
290,SO,GA,BQK,Brunswick,Brunswick Golden Isles,P,N,37269,112532.5249N,293278.7370W
292,AL,AK,BRW,Barrow,Wiley Post-Will Rogers Memorial,P,N,36740,256625.5000N,564366.9000W
293,NM,OR,OTH,North Bend,Southwest Oregon Regional,P,N,36083,156301.0000N,447289.3000W
294,GL,OH,LCK,Columbus,Rickenbacker International,P,N,34948,143329.6000N,298540.1000W
295,NM,CO,FNL,Fort Collins/Loveland,Fort Collins-Loveland Municipal,P,N,34669,145626.5780N,378040.8080W
296,SW,AR,TXK,Texarkana,Texarkana Regional-Webb Field,P,N,34549,120433.4000N,338367.7000W
297,SO,KY,PAH,Paducah,Barkley Regional,P,N,33981,133417.0380N,319582.6530W
298,SO,MS,GTR,Columbus,Golden Triangle Regional,P,N,33629,120413.8000N,318929.0000W
299,SO,FL,APF,Naples,Naples Municipal,P,N,32898,094148.7895N,294392.2996W
300,SO,PR,PSE,Ponce,Mercedita,P,N,30996,064831.6100N,239632.2750W
301,EA,PA,IPT,Williamsport,Williamsport Regional,P,N,30818,148470.0000N,276918.5000W
302,AL,AK,DUT,Unalaska,Unalaska,P,N,30561,194036.2000N,599562.1000W
303,SO,MS,TUP,Tupelo,Tupelo Regional,P,N,30318,123368.4000N,319571.6000W
304,GL,MN,BJI,Bemidji,Bemidji Regional,P,N,29699,171038.6000N,341765.0000W
305,GL,IL,BLV,Belleville,Scott AFB/Midamerica,P,N,29449,138762.6000N,323406.7000W
307,SW,NM,FMN,Farmington,Four Corners Regional,P,N,29226,132268.5000N,389627.8000W
308,NM,OR,LMT,Klamath Falls,Klamath Falls,P,N,29010,151762.1000N,438239.5000W
309,GL,SD,ABR,Aberdeen,Aberdeen Regional,P,N,28924,163608.4730N,354320.7870W
310,NM,WY,COD,Cody,Yellowstone Regional,P,N,28483,160272.7000N,392485.7000W
311,GL,MI,CMX,Hancock,Houghton County Memorial,P,N,27729,169806.3020N,318560.6190W
312,SO,MS,MEI,Meridian,Key Field,P,N,26605,116397.4000N,319506.7000W
313,WP,AZ,PGA,Page,Page Municipal,P,N,26594,132933.9000N,401214.1000W
314,WP,MP,TNI,Tinian (Municipality),Tinian International,P,N,25954,053997.2300N,524229.6630E
315,WP,AZ,1G4,Peach Springs,Grand Canyon West,P,N,25945,129550.0000N,409740.9000W
316,WP,CA,VCV,Victorville,Southern California Logistics,P,N,25836,124550.9000N,422578.8000W
317,GL,WI,EAU,Eau Claire,Chippewa Valley Regional,P,N,25694,161516.9000N,329343.3000W
319,NM,WA,ALW,Walla Walla,Walla Walla Regional,P,N,24793,165933.1500N,425822.6970W
320,SO,NC,ISO,Kinston,Kinston Regional Jetport at Stallings Field,P,N,24726,127193.2000N,279391.8000W
321,GL,MN,STC,St. Cloud,St. Cloud Regional,P,N,24556,163966.4000N,338613.8000W
322,SO,PR,VQS,Isla De Vieques,Antonio Rivera Rodriguez,P,N,24112,065285.3200N,235777.0200W
323,NM,UT,ENV,Wendover,Wendover,P,N,23620,146587.4110N,410503.2250W
324,SW,TX,GGG,Longview,East Texas Regional,P,N,23437,116582.4000N,340961.4000W
325,AL,AK,ANI,Aniak,Aniak,P,N,23116,221693.7490N,574354.9540W
326,NM,WA,BFI,Seattle,Boeing Field/King County International,P,N,23016,171107.9000N,440287.0000W
327,NM,WA,PUW,Pullman,Pullman/Moscow Regional,P,N,22874,168270.0890N,421601.8290W
328,WP,CA,OXR,Oxnard,Oxnard,P,N,22783,123122.9050N,429146.0150W
329,CE,MO,COU,Columbia,Columbia Regional,P,N,22005,139742.4000N,331984.9000W
330,GL,MN,INL,International Falls,Falls International,P,N,21861,174836.1000N,336247.8000W
332,NM,WA,FHR,Friday Harbor,Friday Harbor,P,N,21172,174679.1000N,442887.7000W
333,GL,MN,BRD,Brainerd,Brainerd Lakes Regional,P,N,20718,167055.2000N,338881.7000W
335,AL,AK,PSG,Petersburg,Petersburg James A Johnson,P,N,19657,204485.3000N,478606.4000W
336,AL,AK,CDV,Cordova,Merle K (Mudhole) Smith,P,N,19590,217770.4000N,523719.2000W
337,NM,WA,CLM,Port Angeles,William R Fairchild International,P,N,19347,173232.7000N,444598.9000W
338,NM,CO,TEX,Telluride,Telluride Regional,P,N,18134,136633.7000N,388471.5000W
339,NE,MA,EWB,New Bedford,New Bedford Regional,P,N,17960,150035.6376N,255448.2096W
341,GL,IN,GYY,Gary,Gary/Chicago International,P,N,17935,149822.1000N,314692.3000W
342,WP,CA,CIC,Chico,Chico Municipal,P,N,17811,143263.4000N,438690.3000W
343,AL,AK,MRI,Anchorage,Merrill Field,P,N,17745,220368.7622N,539441.0069W
344,WP,CA,MOD,Modesto,Modesto City County-Harry Sham Field,P,N,17735,135453.0000N,435435.9000W
345,SO,GA,MCN,Macon,Middle Georgia Regional,P,N,16954,117694.2000N,301137.2000W
346,NE,ME,PQI,Presque Isle,Northern Maine Regional Airport at Presque Isle,P,N,16479,168080.2700N,244961.2490W
347,EA,PA,LBE,Latrobe,Arnold Palmer Regional,P,N,16305,144983.1618N,285877.1720W
348,GL,SD,PIR,Pierre,Pierre Regional,P,N,16138,159777.7000N,361029.5000W
349,GL,MI,CIU,Sault Ste. Marie,Chippewa County International,P,N,15550,166502.7040N,304100.5850W
350,AL,AK,VDZ,Valdez,Valdez Pioneer Field,P,N,15522,220083.1750N,526481.1430W
351,SO,MS,PIB,Moselle,Hattiesburg-Laurel Regional,P,N,15406,113281.7000N,321613.4000W
352,CE,KS,MHK,Manhattan,Manhattan Regional,P,N,15140,140908.4000N,348018.5000W
353,NM,WY,CYS,Cheyenne,Cheyenne Regional/Jerry Olson Field,P,N,15127,148160.3000N,377317.7000W
354,NM,WY,GCC,Gillette,Gillette-Campbell County,P,N,15015,159656.1000N,379941.7000W
356,NM,WY,RKS,Rock Springs,Rock Springs-Sweetwater County,P,N,14662,149739.2000N,392634.7000W
357,GL,MI,CVX,Charlevoix,Charlevoix Municipal,P,N,14549,163097.5000N,306991.1000W
359,NE,MA,BED,Bedford,Laurence G Hanscom Field,P,N,13887,152891.8000N,256640.4000W
360,EA,WV,PKB,Parkersburg,Mid-Ohio Valley Regional,P,N,13773,141641.8630N,293181.4550W
361,NM,WY,SHR,Sheridan,Sheridan County,P,N,13760,161169.1000N,385129.0000W
362,AL,AK,LHD,Anchorage,Lake Hood,P,N,13727,220271.9011N,539875.4171W
363,AL,AK,SCC,Deadhorse,Deadhorse,P,N,13703,252701.1148N,534474.5935W
364,NM,MT,SDY,Sidney,Sidney-Richland Municipal,P,N,13479,171744.7000N,375093.2000W
365,NE,ME,RKD,Rockland,Knox County Regional,P,N,13217,158616.5120N,248758.8110W
366,WP,CA,IYK,Inyokern,Inyokern,P,N,13138,128371.4686N,424186.3170W
367,CE,IA,MCW,Mason City,Mason City Municipal,P,N,13127,155368.1000N,335992.5000W
368,SO,PR,SIG,San Juan,Fernando Luis Ribas Dominicci,P,N,12778,066444.4000N,237954.5000W
369,EA,PA,JST,Johnstown,John Murtha Johnstown-Cambria County,P,N,12674,145136.0000N,283804.8000W
370,GL,IL,MWA,Marion,Williamson County Regional,P,N,12373,135917.9000N,320439.9000W
371,NM,WY,RIW,Riverton,Riverton Regional,P,N,12236,155031.3000N,390455.4000W
373,AL,AK,YAK,Yakutat,Yakutat,P,N,11989,214211.9640N,502776.9650W
375,EA,WV,LWB,Lewisburg,Greenbrier Valley,P,N,11753,136289.9040N,289438.1370W
376,GL,IL,DEC,Decatur,Decatur,P,N,11686,143404.4250N,319916.4810W
377,WP,CA,CEC,Crescent City,Jack McNamara Field,P,N,11632,150408.6000N,447251.5000W
378,AL,AK,GST,Gustavus,Gustavus,P,N,11579,210331.0000N,488546.7000W
379,SO,NC,HKY,Hickory,Hickory Regional,P,N,11530,128668.1270N,293002.3760W
380,NE,NH,LEB,Lebanon,Lebanon Municipal,P,N,11367,157054.0000N,260295.1000W
381,GL,MI,ESC,Escanaba,Delta County,P,N,11361,164601.6300N,313537.3800W
382,AL,AK,ENM,Emmonak,Emmonak,P,N,11271,226030.1000N,592166.7000W
383,AL,AK,GAL,Galena,Edward G. Pitka Sr,P,N,11261,233050.3075N,564965.8514W
384,SW,TX,DRT,Del Rio,Del Rio International,P,N,11094,105747.1450N,363337.7650W
385,EA,WV,MGW,Morgantown,Morgantown Municipal-Walter L. Bill Hart Field,P,N,11038,142716.9435N,287703.1691W
387,SW,TX,VCT,Victoria,Victoria Regional,P,N,10932,103869.1650N,348906.5594W
388,AL,AK,WRG,Wrangell,Wrangell,P,N,10740,203343.6000N,476531.4000W
389,GL,MN,HIB,Hibbing,Chisholm-Hibbing,P,N,10619,170591.7000N,334220.3000W
390,SW,NM,SAF,Santa Fe,Santa Fe Municipal,P,N,10522,128221.6000N,381921.9000W
391,NM,UT,CDC,Cedar City,Cedar City Regional,P,N,10412,135723.5000N,407155.9000W
392,SO,MS,GLH,Greenville,Mid Delta Regional,P,N,10364,120538.3720N,327548.2100W
393,GL,MI,APN,Alpena,Alpena County Regional,P,N,10302,162281.1000N,300817.1000W
394,EA,PA,DUJ,Brookville,Du Bois-Jefferson County,P,N,10275,148241.8000N,284035.3000W
395,NE,MA,PVC,Provincetown,Provincetown Municipal,P,N,10236,151460.2000N,252794.6000W
396,CE,NE,BFF,Scottsbluff,Western Nebraska Regional/William B. Heilig Field,P,N,10235,150746.5000N,372944.3000W
397,AL,AK,UNK,Unalakleet,Unalakleet,P,N,10224,229998.6000N,578876.8000W
398,CE,KS,GCK,Garden City,Garden City Regional,P,N,10107,136539.1000N,362607.9000W
399,NM,WY,LAR,Laramie,Laramie Regional,P,N,10065,148723.4000N,380430.0000W
400,NE,ME,BHB,Bar Harbor,Hancock County-Bar Harbor,P,N,10057,160018.9390N,246101.3630W
401,CE,MO,JLN,Joplin,Joplin Regional,P,N,10056,133751.4060N,340195.7080W
402,EA,WV,CKB,Clarksburg,Harrison/Marion Regional,CS,None,9701,141471.5570N,288819.1150W
403,SW,NM,ROW,Roswell,Roswell International Air Center,CS,None,9570,119879.5308N,376305.8315W
404,AL,AK,HNH,Hoonah,Hoonah,CS,None,9499,209146.3170N,487471.5225W
405,GL,IL,UIN,Quincy,Quincy Regional-Baldwin Field,CS,None,9483,143794.8626N,328300.0681W
406,AL,AK,SGY,Skagway,Skagway,CS,None,9385,214056.7200N,487140.6950W
407,AL,AK,SOV,Seldovia,Seldovia,CS,None,9292,213998.0600N,546138.1500W
408,EA,NJ,TTN,Trenton,Trenton Mercer,CS,None,9255,144996.1000N,269328.5000W
409,GL,SD,ATY,Watertown,Watertown Regional,CS,None,9161,161690.3000N,349757.0000W
410,GL,MI,IMT,Iron Mountain Kingsford,Ford,CS,None,9130,164946.1000N,317212.4000W
412,AL,AK,FYU,Fort Yukon,Fort Yukon,CS,None,8964,239660.7000N,522886.8000W
413,AL,AK,CDB,Cold Bay,Cold Bay,CS,None,8661,198741.3000N,585814.5000W
414,WP,CA,MCE,Merced,Merced Municipal/MacReady Field,CS,None,8616,134225.1000N,433850.1000W
415,AL,AK,KSM,St Mary's,St Mary's,CS,None,8262,223419.0000N,587886.6000W
416,CE,IA,FOD,Fort Dodge,Fort Dodge Regional,CS,None,8229,153184.3000N,339090.6000W
417,CE,MO,TBN,Fort Leonard Wood (U.S. Army),Waynesville Regional Airport at Forney Field,CS,None,8216,135869.9000N,331706.6000W
418,NM,CO,CEZ,Cortez,Cortez Municipal,CS,None,8205,134290.8000N,391061.0000W
419,WP,AZ,HII,Lake Havasu City,Lake Havasu City,CS,None,8174,124456.0460N,411689.7970W
421,AL,AK,HNS,Haines,Haines,CS,None,8054,213277.7850N,487884.7350W
423,AL,AK,ILI,Iliamna,Iliamna,CS,None,7947,215120.0812N,557703.9081W
424,CE,KS,HYS,Hays,Hays Regional,CS,None,7933,139832.0000N,357383.4000W
426,CE,NE,LBF,North Platte,North Platte Regional Airport Lee Bird Field,CS,None,7749,148054.4000N,362461.2000W
427,SO,GA,AHN,Athens,Athens/Ben Epps,CS,None,7680,122215.1000N,299973.3000W
428,CE,NE,GRI,Grand Island,Central Nebraska Regional,CS,None,7617,147483.1530N,353914.7000W
429,CE,KS,FOE,Topeka,Forbes Field,CS,None,7530,140223.4170N,344389.0090W
430,SO,PR,MAZ,Mayaguez,Eugenio Maria De Hostos,CS,None,7463,065720.5000N,241734.5000W
432,NE,NH,PSM,Portsmouth,Portsmouth International at Pease,CS,None,7312,155080.6000N,254963.8000W
433,AL,AK,AQH,Quinhagak,Quinhagak,CS,None,7249,215118.3400N,582643.3200W
434,EA,NY,JHW,Jamestown,Chautauqua County/Jamestown,CS,None,7086,151752.2180N,285328.8830W
435,CE,MO,CGI,Scott City,Cape Girardeau Regional,CS,None,7019,134011.1000N,322454.7000W
436,NM,OR,PDT,Pendleton,Eastern Oregon Regional at Pendleton,CS,None,6977,164501.1560N,427834.8290W
438,EA,PA,AOO,Altoona,Altoona-Blair County,CS,None,6859,145066.9000N,281952.1000W
439,CE,NE,EAR,Kearney,Kearney Municipal,CS,None,6789,146617.3000N,356424.4000W
441,CE,IA,BRL,Burlington,Southeast Iowa Regional,CS,None,6723,146819.6000N,328051.8000W
442,AL,AK,HPB,Hooper Bay,Hooper Bay,CS,None,6380,221485.9340N,598127.8420W
443,SO,AL,MSL,Muscle Shoals,Northwest Alabama Regional,CS,None,6157,125083.1000N,315396.8000W
444,EA,PA,LNS,Lancaster,Lancaster,CS,None,6101,144440.5000N,274659.7000W
445,AL,AK,IIK,Kipnuk,Kipnuk,CS,None,6100,215753.8000N,590501.2000W
447,CE,KS,LBL,Liberal,Liberal Municipal,CS,None,6018,133358.1000N,363455.9000W
448,WP,CA,IPL,Imperial,Imperial County,CS,None,5977,118203.2000N,416083.5000W
449,AL,AK,WLK,Selawik,Selawik,CS,None,5842,239760.5000N,575948.7000W
452,AL,AK,MOU,Mountain Village,Mountain Village,CS,None,5599,223541.2000N,589258.3000W
453,GL,ND,ISN,Williston,Sloulin Field International,CS,None,5569,173440.5790N,373112.4480W
454,NM,CO,ALS,Alamosa,San Luis Valley Regional/Bergman Field,CS,None,5443,134766.4500N,381124.3510W
455,AL,AK,D76,Noorvik,Robert /Bob/ Curtis Memorial,CS,None,5390,240543.1000N,579680.1000W
456,EA,PA,BFD,Bradford,Bradford Regional,CS,None,5379,150490.6356N,283103.8775W
457,EA,VA,SHD,Weyers Cave,Shenandoah Valley Regional,CS,None,5307,137749.8000N,284027.2000W
459,NE,ME,AUG,Augusta,Augusta State,CS,None,5225,159554.3390N,251270.3450W
460,AL,AK,MBA,Manokotak,Manokotak,CS,None,5194,212155.4000N,572046.8000W
461,CE,KS,DDC,Dodge City,Dodge City Regional,CS,None,5166,135947.2000N,359875.5000W
462,AL,AK,MCG,McGrath,McGrath,CS,None,5141,226630.0221N,560185.3730W
463,EA,MD,HGR,Hagerstown,Hagerstown Regional-Richard A Henson Field,CS,None,5063,142950.6000N,279815.4000W
464,AL,AK,VAK,Chevak,Chevak,CS,None,5021,221547.0000N,596163.2000W
465,WP,AZ,PRC,Prescott,Ernest A. Love Field,CS,None,5020,124757.4000N,404709.2000W
466,GL,ND,DIK,Dickinson,Dickinson - Theodore Roosevelt Regional,CS,None,5010,168470.4000N,370086.7000W
467,AL,AK,OOK,Toksook Bay,Toksook Bay,CS,None,4952,217948.8000N,594313.9000W
468,WP,AZ,SOW,Show Low,Show Low Regional,CS,None,4860,123355.7000N,396020.4000W
469,AL,AK,WTK,Noatak,Noatak,CS,None,4859,243220.2000N,586729.5000W
470,NM,WA,MWH,Moses Lake,Grant County International,CS,None,4822,169950.9000N,429548.9000W
471,WP,AZ,SDL,Scottsdale,Scottsdale,CS,None,4798,121042.4000N,402877.9000W
472,AL,AK,SVA,Savoonga,Savoonga,CS,None,4637,229270.6000N,613775.4000W
473,WP,NV,61B,Boulder City,Boulder City Municipal,CS,None,4617,129410.9290N,413499.9480W
474,EA,NY,ART,Watertown,Watertown International,CS,None,4612,158370.6000N,273669.9000W
475,GL,MN,TVF,Thief River Falls,Thief River Falls Regional,CS,None,4611,173036.4000N,346266.0000W
476,AL,AK,PHO,Point Hope,Point Hope,CS,None,4580,246055.5000N,600477.4000W
479,AL,AK,SHH,Shishmaref,Shishmaref,CS,None,4395,238498.5000N,597921.7000W
480,NM,MT,WYS,West Yellowstone,Yellowstone,CS,None,4372,160878.2000N,400023.5000W
481,AL,AK,GAM,Gambell,Gambell,CS,None,4360,229559.8000N,618238.0000W
482,SW,NM,CNM,Carlsbad,Cavern City Air Terminal,CS,None,4273,116414.8000N,375348.1000W
483,AL,AK,SCM,Scammon Bay,Scammon Bay,CS,None,4149,222640.3500N,596065.5000W
484,AL,AK,BVK,Buckland,Buckland,CS,None,4117,237533.6000N,580136.9000W
485,AL,AK,KLG,Kalskag,Kalskag,CS,None,4105,221529.5000N,577244.1000W
486,AL,AK,SDP,Sand Point,Sand Point,CS,None,4090,199129.3000N,577877.1000W
487,AL,AK,AWI,Wainwright,Wainwright,CS,None,4049,254296.8000N,575981.1000W
488,NM,CO,PUB,Pueblo,Pueblo Memorial,CS,None,4033,137843.8110N,376192.9010W
489,AL,AK,2A9,Kotlik,Kotlik,CS,None,4030,226910.1000N,588717.5000W
491,WP,CA,VIS,Visalia,Visalia Municipal,CS,None,4008,130747.1000N,429814.3000W
494,AL,AK,AQT,Nuiqsut,Nuiqsut,CS,None,3954,252755.4000N,543623.3000W
495,WP,HI,HNM,Hana,Hana,CS,None,3898,074864.2938N,561651.9764W
496,AL,AK,BTI,Kaktovik,Barter Island LRRS,CS,None,3867,252407.2000N,517153.0000W
497,SW,AR,HRO,Harrison,Boone County,CS,None,3853,130541.4740N,335357.0240W
499,AL,AK,MTM,Metlakatla,Metlakatla,CS,None,3821,198471.7630N,473681.0430W
498,AL,AK,KVL,Kivalina,Kivalina,CS,None,3821,243850.1000N,592428.6000W
500,AL,AK,IAN,Kiana,Bob Baker Memorial,CS,None,3740,241113.4000N,577571.5000W
501,AL,AK,GGV,Kwigillingok,Kwigillingok,CS,None,3708,215552.1050N,587404.9350W
502,AL,AK,A61,Tuntutuliak,Tuntutuliak,CS,None,3684,217263.9900N,585556.6000W
504,AL,AK,DUY,Kongiganak,Kongiganak,CS,None,3636,215861.8710N,586370.1380W
506,WP,NV,ELY,Ely,Ely /Yelland Field/,CS,None,3618,141478.9000N,413430.8000W
507,SO,KY,OWB,Owensboro,Owensboro-Daviess County,CS,None,3611,135859.8030N,313800.5828W
508,AL,AK,0AK,Pilot Station,Pilot Station,CS,None,3582,223061.3052N,586592.5763W
509,AL,AK,CFK,Chefornak,Chefornak,CS,None,3519,216492.5000N,591404.6000W
510,AL,AK,Z09,Kasigluk,Kasigluk,CS,None,3502,219144.0000N,585087.5000W
511,AL,AK,TAL,Tanana,Ralph M Calhoun Memorial,CS,None,3433,234627.8000N,547589.2000W
512,SW,AR,HOT,Hot Springs,Memorial Field,CS,None,3366,124120.9000N,335146.4000W
513,AL,AK,NUL,Nulato,Nulato,CS,None,3359,233025.6000N,569067.2000W
514,GL,ND,DVL,Devils Lake,Devils Lake Municipal,CS,None,3327,173219.7000N,356076.0000W
515,AL,AK,SNP,Saint Paul Island,St Paul Island,CS,None,3325,205798.7000N,612801.2000W
519,GL,MI,IWD,Ironwood,Gogebic-Iron County,CS,None,3291,167498.9000N,324473.0000W
520,AL,AK,AKP,Anaktuvuk Pass,Anaktuvuk Pass,CS,None,3289,245281.0000N,546276.0000W
521,AL,AK,KKA,Koyuk,Koyuk Alfred Adams,CS,None,3236,233782.3000N,580155.4000W
522,EA,NY,MSS,Massena,Massena International-Richards Field,CS,None,3218,161770.4680N,269442.4310W
523,AL,AK,AUK,Alakanuk,Alakanuk,CS,None,3109,225659.0000N,592999.9000W
524,AL,AK,CGA,Craig,Craig,CS,None,3088,199723.7930N,479332.0840W
525,AL,AK,EEK,Eek,Eek,CS,None,3083,216769.3000N,583358.0000W
526,SW,AR,JBR,Jonesboro,Jonesboro Municipal,CS,None,3079,128994.1600N,326327.1190W
527,NM,UT,CNY,Moab,Canyonlands Field,CS,None,3078,139526.9953N,395112.7509W
528,AL,AK,HLA,Huslia,Huslia,CS,None,3072,236512.3000N,562865.0000W
529,AL,AK,ATK,Atqasuk,Atqasuk Edward Burnell Sr Memorial,CS,None,3064,253681.6000N,566768.4000W
530,AL,AK,TLT,Tuluksak,Tuluksak,CS,None,3061,219915.8200N,579324.0700W
531,AL,AK,PGM,Port Graham,Port Graham,CS,None,3047,213654.5100N,546589.1600W
532,AL,AK,ELI,Elim,Elim,CS,None,3023,232613.9000N,584173.9000W
534,AL,AK,KVC,King Cove,King Cove,CS,None,2949,198418.8500N,584158.4900W
535,AL,AK,KEB,English Bay,English Bay,CS,None,2943,213667.7340N,546930.5610W
536,EA,PA,FKL,Franklin,Venango Regional,CS,None,2939,148958.7000N,287498.3000W
537,NM,WA,ORS,Eastsound,Orcas Island,CS,None,2934,175350.0000N,442478.1000W
539,NM,UT,BCE,Bryce Canyon,Bryce Canyon,CS,None,2856,135743.2070N,403724.8757W
540,CE,KS,SLN,Salina,Salina Municipal,CS,None,2805,139646.2000N,351548.0000W
541,AL,AK,KWT,Kwethluk,Kwethluk,CS,None,2796,218845.2000N,581197.3000W
542,AL,AK,WBB,Stebbins,Stebbins,CS,None,2793,228657.5000N,584200.8000W
543,AL,AK,16A,Nunapitchuk,Nunapitchuk,CS,None,2777,219261.6000N,584786.1000W
544,AL,AK,MDM,Marshall,Marshall Don Hunter Sr,CS,None,2749,222711.0000N,583294.0000W
545,AL,AK,T44,Kodiak,Trident Basin,CS,None,2730,208011.0000N,548609.0000W
546,AL,AK,RSH,Russian Mission,Russian Mission,CS,None,2708,222389.6050N,580749.8354W
547,SO,TN,MKL,Jackson,McKellar-Sipes Regional,CS,None,2703,128159.6000N,320096.2000W
548,EA,NY,SLK,Saranac Lake,Adirondack Regional,CS,None,2682,159787.1090N,267142.2530W
549,WP,CA,PMD,Palmdale,Palmdale Regional/USAF Plant 42,CS,None,2648,124665.8000N,425104.3900W
550,AL,AK,2C7,Shaktoolik,Shaktoolik,CS,None,2601,231735.9000N,580406.3000W
551,AL,AK,AKI,Akiak,Akiak,CS,None,2587,219250.4300N,580430.1000W
552,AL,AK,2A3,Larsen Bay,Larsen Bay,CS,None,2581,207126.3000N,554316.0000W
553,EA,WV,BKW,Beckley,Raleigh County Memorial,CS,None,2574,136034.4000N,292047.0000W
554,AL,AK,Z13,Akiachak,Akiachak,CS,None,2530,219289.7150N,581375.9850W